ID,filename,performer
n100,n01.wav,P01
n101,n02.wav,P02
n102,n03.wav,P02
n103,n04.wav,P03
n104,n05.wav,P03
n105,n06.wav,P03
n106,n07.wav,P03
n107,n08.wav,P03
n108,n09.wav,P03
n109,n10.wav,P03
n110,n11.wav,P03
n111,n12.wav,P03
n112,n13.wav,P03
n113,n14.wav,P04
n114,n15.wav,P05
n115,n16.wav,P06
n116,n17.wav,P06
n117,n18.wav,P06
n118,n19.wav,P06
n119,n20.wav,P06
n120,n21.wav,P06
n121,n22.wav,P06
n122,n23.wav,P06
n123,n24.wav,P06
n124,n25.wav,P06
n125,n26.wav,P07
n126,n27.wav,P07
n127,n28.wav,P08
n128,n29.wav,P08
n129,n30.wav,P08
n130,n31.wav,P08
n131,n32.wav,P08
n132,n33.wav,P08
n133,n34.wav,P08
n134,n35.wav,P09
n135,n36.wav,P09
n136,n37.wav,P09
n137,n38.wav,P09
n138,n39.wav,P09
n139,n40.wav,P09
n140,n41.wav,P09
n141,n42.wav,P10
n142,n43.wav,P10
n143,n44.wav,P10
n144,n45.wav,P11
n145,n46.wav,P11
n146,n47.wav,P12
n147,n48.wav,P13
n148,n49.wav,P09
n149,n50.wav,P14
bm200,b01.wav,P01
bm201,b02.wav,P02
bm202,b03.wav,P03
bm203,b04.wav,P03
bm204,b05.wav,P03
bm205,b06.wav,P03
bm206,b07.wav,P03
bm207,b08.wav,P05
bm208,b09.wav,P06
bm209,b10.wav,P06
bm210,b11.wav,P06
bm211,b12.wav,P06
bm212,b13.wav,P06
bm213,b14.wav,P07
bm214,b15.wav,P08
bm215,b16.wav,P08
bm216,b17.wav,P08
bm217,b18.wav,P11
bm218,b19.wav,P12
bm219,b20.wav,P09
bm220,b21.wav,P09
bm221,b22.wav,P09
bm222,b23.wav,P09
bm223,b24.wav,P09
bm224,b25.wav,P09
bm225,b26.wav,P09
bm226,b27.wav,P10
bm227,b28.wav,P10
bm228,b29.wav,P10
bm229,b30.wav,P14
sm300,s01.wav,P01
sm301,s02.wav,P02
sm302,s03.wav,P03
sm303,s04.wav,P03
sm304,s05.wav,P03
sm305,s06.wav,P03
sm306,s07.wav,P03
sm307,s08.wav,P05
sm308,s09.wav,P06
sm309,s10.wav,P06
sm310,s11.wav,P06
sm311,s12.wav,P06
sm312,s13.wav,P06
sm313,s14.wav,P07
sm314,s15.wav,P08
sm315,s16.wav,P08
sm316,s17.wav,P08
sm317,s18.wav,P11
sm318,s19.wav,P12
sm319,s20.wav,P09
sm320,s21.wav,P09
sm321,s22.wav,P09
sm322,s23.wav,P09
sm323,s24.wav,P09
sm324,s25.wav,P09
sm325,s26.wav,P10
sm326,s27.wav,P10
sm327,s28.wav,P10
sm328,s29.wav,P10
sm329,s30.wav,P14
bu400,u01.wav,P01
bu401,u02.wav,P02
bu402,u03.wav,P03
bu403,u04.wav,P03
bu404,u05.wav,P03
bu405,u06.wav,P03
bu406,u07.wav,P03
bu407,u08.wav,P05
bu408,u09.wav,P06
bu409,u10.wav,P06
bu410,u11.wav,P06
bu411,u12.wav,P06
bu412,u13.wav,P06
bu413,u14.wav,P07
bu414,u15.wav,P08
bu415,u16.wav,P08
bu416,u17.wav,P08
bu417,u18.wav,P11
bu418,u19.wav,P12
bu419,u20.wav,P09
bu420,u21.wav,P09
bu421,u22.wav,P09
bu422,u23.wav,P09
bu423,u24.wav,P09
bu424,u25.wav,P09
bu425,u26.wav,P09
bu426,u27.wav,P10
bu427,u28.wav,P10
bu428,u29.wav,P10
bu429,u30.wav,P14
bd500,d01.wav,P02
bd501,d02.wav,P03
bd502,d03.wav,P03
bd503,d04.wav,P03
bd504,d05.wav,P03
bd505,d06.wav,P03
bd506,d07.wav,P04
bd507,d08.wav,P07
bd508,d09.wav,P06
bd509,d10.wav,P06
bd510,d11.wav,P06
bd511,d12.wav,P06
bd512,d13.wav,P06
bd513,d14.wav,P08
bd514,d15.wav,P08
bd515,d16.wav,P08
bd516,d17.wav,P08
bd517,d18.wav,P11
bd518,d19.wav,P13
bd519,d20.wav,P14
bd520,d21.wav,P09
bd521,d22.wav,P09
bd522,d23.wav,P09
bd523,d24.wav,P09
bd524,d25.wav,P09
bd525,d26.wav,P09
bd526,d27.wav,P10
bd527,d28.wav,P10
bd528,d29.wav,P10